<?xml version="1.0" encoding="UTF-8" standalone="no" ?>
<efx:tool_report xmlns:efx="http://www.efinixinc.com/tool_report" date="TCentral Standard Time" project="testVHDL" xmlns:xsi="http://www.w3.org/2001/XMLSchema-instance" xsi:schemaLocation="http://www.efinixinc.com/tool_report tool_report.xsd">

  <efx:group name="System Resources">
    <efx:group_data info="runtime" name="packing" severity="info" value="0|0:0:0"/>
    <efx:group_data info="runtime" name="placement" severity="info" value="0|0:0:1"/>
    <efx:group_data info="runtime" name="routing" severity="info" value="0|0:0:0"/>
    <efx:group_data info="peak_rr" name="Peak RSS" severity="info" value="457.876 MB"/>
  </efx:group>

  <efx:group name="Core Resources">
    <efx:group_data name="Inputs" severity="info" value="3 / 224"/>
    <efx:group_data name="Outputs" severity="info" value="87 / 501"/>
    <efx:group_data name="Clocks" severity="info" value="2 / 16"/>
    <efx:group_data name="Logic Elements" severity="info" value="12 / 19728"/>
    <efx:group_data name="Memory Blocks" severity="info" value="0 / 204"/>
    <efx:group_data name="Multipliers" severity="info" value="0 / 36"/>
  </efx:group>

  <efx:group name="Interface">
    <efx:group_data name="Missing Interface Pins" severity="info" value="2"/>
    <efx:group_data name="Unassigned Core Pins" severity="info" value="0"/>
  </efx:group>

  <efx:group name="Timing">
    <efx:group_data name="Worst Negative Slack (WNS)" severity="error" value="-0.703 ns"/>
    <efx:group_data name="Worst Hold Slack (WHS)" severity="info" value="0.307 ns"/>
    <efx:group_data name="clk50pll1" severity="info" value="587.199 MHz"/>
    <efx:group_data name="clk100pll1" severity="info" value="889.680 MHz"/>
  </efx:group>

</efx:tool_report>
