
# Efinity Pinout Report
# Version: 2023.1.150.1.5
# Date: 2024-01-01 07:09

# Copyright (C) 2017 - 2023 Efinix Inc. All rights reserved.

# Device: T20Q144
# Package status: final
# Project: testVHDL
# Configuration mode: active (x1)

Pin Number,Pin Name,Signal Name,Direction,Bank,I/O Bank Voltage,I/O Standard,Pull Type,Function
1,GND,,Power,,,,,Ground
2,VCCA_TL,,Power,TL,,,,1.2 V PLL Power
3,GPIOL_53_CDI10,PG[5],Output,1C_1D,3.3 V,3.3 V LVTTL / LVCMOS,,User IO
4,GPIOL_54_CDI11,PG[4],Output,1C_1D,3.3 V,3.3 V LVTTL / LVCMOS,,User IO
5,GND,,Power,,,,,Ground
6,GPIOL_46,PG[3],Output,1C_1D,3.3 V,3.3 V LVTTL / LVCMOS,,User IO
7,GPIOL_41_CDI9,PG[2],Output,1C_1D,3.3 V,3.3 V LVTTL / LVCMOS,,User IO
8,GPIOL_40_CDI8,PG[1],Output,1C_1D,3.3 V,3.3 V LVTTL / LVCMOS,,User IO
9,GND,,Power,,,,,Ground
10,GPIOL_32_CTRL4_CDI7,PG[0],Output,1C_1D,3.3 V,3.3 V LVTTL / LVCMOS,,User IO/GCTRL
11,GPIOL_31_CLK7_CDI6,PF[7],Output,1C_1D,3.3 V,3.3 V LVTTL / LVCMOS,,User IO/GCLK
12,VCCIO1C_1D,,Power,1C_1D,3.3 V,,,VCCIO Power
13,VCC,,Power,,,,,1.2 V VCC Power
14,GPIOL_25_CLK1,PF[6],Output,1B,3.3 V,3.3 V LVTTL / LVCMOS,,User IO/GCLK
15,GPIOL_24_CLK0,PF[5],Output,1B,3.3 V,3.3 V LVTTL / LVCMOS,,User IO/GCLK
16,GPIOL_22_CTRL2,PF[4],Output,1B,3.3 V,3.3 V LVTTL / LVCMOS,,User IO/GCTRL
17,GPIOL_21_CTRL1_CDI5,PF[3],Output,1B,3.3 V,3.3 V LVTTL / LVCMOS,,User IO/GCTRL
18,GPIOL_20_CTRL0_CDI4,PF[2],Output,1B,3.3 V,3.3 V LVTTL / LVCMOS,,User IO/GCTRL
19,GPIOL_13_CDI3,PF[1],Output,1B,3.3 V,3.3 V LVTTL / LVCMOS,,User IO
20,GPIOL_12_CDI2,PF[0],Output,1B,3.3 V,3.3 V LVTTL / LVCMOS,,User IO
21,VCCIO1B,,Power,1B,3.3 V,,,VCCIO Power
22,VCC,,Power,,,,,1.2 V VCC Power
23,VCCIO1A,,Power,1A,3.3 V,,,VCCIO Power
24,TDO,,Output,1A,3.3 V,,,Configuration
25,TMS,,Input,1A,3.3 V,,,Configuration
26,TCK,,Input,1A,3.3 V,,,Configuration
27,TDI,,Input,1A,3.3 V,,,Configuration
28,GPIOL_09_CDI1,,Input,1A,3.3 V,,weak pullup,User IO/Configuration
29,GPIOL_08_CDI0,,Input,1A,3.3 V,,weak pullup,User IO/Configuration
30,GPIOL_01_CCK,,Input,1A,3.3 V,,weak pullup,User IO/Configuration
31,GPIOL_00_SS_N,,Input,1A,3.3 V,,weak pullup,User IO/Configuration
32,GPIOL_04_CSI,,Input,1A,3.3 V,,weak pullup,User IO/Configuration
33,GPIOL_05_CSO,PA[0],Output,1A,3.3 V,3.3 V LVTTL / LVCMOS,,User IO/Configuration
34,CDONE,,Bidirectional,1A,3.3 V,,,Configuration
35,CRESET_N,,Input,1A,3.3 V,,,Configuration
36,REF_RES,,Input,4B,,,,
37,GND,,Power,,,,,Ground
38,GPIOB_TXP00,PA[1].TXP,Output,4B,,3.3 V LVTTL / LVCMOS,,User IO
39,GPIOB_TXN00,PA[2].TXN,Output,4B,,3.3 V LVTTL / LVCMOS,,User IO
40,GPIOB_TXP02,PA[3].TXP,Output,4B,,3.3 V LVTTL / LVCMOS,,User IO
41,GPIOB_TXN02,PA[4].TXN,Output,4B,,3.3 V LVTTL / LVCMOS,,User IO
42,GPIOB_TXP04,PA[5].TXP,Output,4B,,3.3 V LVTTL / LVCMOS,,User IO
43,GPIOB_TXN04,PA[6].TXN,Output,4B,,3.3 V LVTTL / LVCMOS,,User IO
44,GND,,Power,,,,,Ground
45,GPIOB_TXP06,PA[7].TXP,Output,4B,,3.3 V LVTTL / LVCMOS,,User IO
46,GPIOB_TXN06,PB[0].TXN,Output,4B,,3.3 V LVTTL / LVCMOS,,User IO
47,GPIOB_TXP09,PB[1].TXP,Output,4B,,3.3 V LVTTL / LVCMOS,,User IO
48,GPIOB_TXN09,PB[2].TXN,Output,4B,,3.3 V LVTTL / LVCMOS,,User IO
49,VCC,,Power,,,,,1.2 V VCC Power
50,GND,,Power,,,,,Ground
51,VCCIO4B,,Power,4B,,,,VCCIO Power
52,VCCIO4B,,Power,4B,,,,VCCIO Power
53,GPIOB_TXP11,PB[3].TXP,Output,4B,,3.3 V LVTTL / LVCMOS,,User IO
54,GPIOB_TXN11,PB[4].TXN,Output,4B,,3.3 V LVTTL / LVCMOS,,User IO
55,GPIOB_RXP00,PB[5].RXP,Output,4A,,3.3 V LVTTL / LVCMOS,,User IO
56,GPIOB_RXN00,PB[6].RXN,Output,4A,,3.3 V LVTTL / LVCMOS,,User IO
57,VCC,,Power,,,,,1.2 V VCC Power
58,GPIOB_RXP02,PB[7].RXP,Output,4A,,3.3 V LVTTL / LVCMOS,,User IO
59,GPIOB_RXN02,PC[0].RXN,Output,4A,,3.3 V LVTTL / LVCMOS,,User IO
60,GPIOB_RXN03,PC[1].RXN,Output,4A,,3.3 V LVTTL / LVCMOS,,User IO
61,GPIOB_RXP03,PC[2].RXP,Output,4A,,3.3 V LVTTL / LVCMOS,,User IO
62,VCCIO4A,,Power,4A,,,,VCCIO Power
63,VCCIO4A,,Power,4A,,,,VCCIO Power
64,GND,,Power,,,,,Ground
65,GPIOB_RXN07,PC[3].RXN,Output,4A,,3.3 V LVTTL / LVCMOS,,User IO
66,GPIOB_RXP07,PC[4].RXP,Output,4A,,3.3 V LVTTL / LVCMOS,,User IO
67,GPIOB_RXP10,PC[5].RXP,Output,4A,,3.3 V LVTTL / LVCMOS,,User IO
68,GPIOB_RXN10,PC[6].RXN,Output,4A,,3.3 V LVTTL / LVCMOS,,User IO
69,GPIOB_RXN12_EXTFB0,PC[7].RXN,Output,4A,,3.3 V LVTTL / LVCMOS,,User IO
70,GPIOB_RXP12_EXTFB0,PD[0].RXP,Output,4A,,3.3 V LVTTL / LVCMOS,,User IO
71,GPIOB_CLKP0,PD[1].RXP,Output,4A,,3.3 V LVTTL / LVCMOS,,User IO/PLL_CLKIN
72,GPIOB_CLKN0,PD[2].RXN,Output,4A,,3.3 V LVTTL / LVCMOS,,User IO/PLL_CLKIN
73,VCCA_BR,,Power,BR,,,,1.2 V PLL Power
74,GPIOR_158_TEST_N,,Input,3E,3.3 V,,weak pullup,User IO/Configuration
75,GPIOR_157_PLLIN,PD[3],Output,3E,3.3 V,3.3 V LVTTL / LVCMOS,,User IO/PLL_CLKIN
76,GPIOR_155,PD[4],Output,3E,3.3 V,3.3 V LVTTL / LVCMOS,,User IO
77,GPIOR_154,PD[5],Output,3E,3.3 V,3.3 V LVTTL / LVCMOS,,User IO
78,GPIOR_151_CBUS0,usrSw,Input,3E,3.3 V,3.3 V LVTTL / LVCMOS,,User IO/Configuration
79,GPIOR_150_CBUS1,usrLed,Output,3E,3.3 V,3.3 V LVTTL / LVCMOS,,User IO/Configuration
80,GPIOR_149_CBUS2,,Input,3E,3.3 V,,weak pullup,User IO/Configuration
81,GPIOR_139,PD[6],Output,3D,3.3 V,3.3 V LVTTL / LVCMOS,,User IO
82,GPIOR_138,PD[7],Output,3D,3.3 V,3.3 V LVTTL / LVCMOS,,User IO
83,GPIOR_136_CDI16,PE[0],Output,3D,3.3 V,3.3 V LVTTL / LVCMOS,,User IO
84,GPIOR_135_CDI17,PE[1],Output,3D,3.3 V,3.3 V LVTTL / LVCMOS,,User IO
85,VCC,,Power,,,,,1.2 V VCC Power
86,GPIOR_133_CDI18,PE[2],Output,3D,3.3 V,3.3 V LVTTL / LVCMOS,,User IO
87,GPIOR_132_CDI19,PE[3],Output,3D,3.3 V,3.3 V LVTTL / LVCMOS,,User IO
88,VCCIO3E,,Power,3E,3.3 V,,,VCCIO Power
89,GPIOR_129_CTRL10,PE[4],Output,3D,3.3 V,3.3 V LVTTL / LVCMOS,,User IO/GCTRL
90,GPIOR_128_CTRL11,PE[5],Output,3D,3.3 V,3.3 V LVTTL / LVCMOS,,User IO/GCTRL
91,VCCIO3D,,Power,3D,3.3 V,,,VCCIO Power
92,GPIOR_125_CLK10,PE[6],Output,3D,3.3 V,3.3 V LVTTL / LVCMOS,,User IO/GCLK
93,GPIOR_123_CLK12_CDI20,PE[7],Output,3B_3C,3.3 V,3.3 V LVTTL / LVCMOS,,User IO/GCLK
94,GND,,Power,,,,,Ground
95,VCCIO3B_3C,,Power,3B_3C,3.3 V,,,VCCIO Power
96,VCC,,Power,,,,,1.2 V VCC Power
97,GPIOR_122_CLK13_CDI21,PL[7],Output,3B_3C,3.3 V,3.3 V LVTTL / LVCMOS,,User IO/GCLK
98,GPIOR_117_CTRL14,PL[6],Output,3B_3C,3.3 V,3.3 V LVTTL / LVCMOS,,User IO/GCTRL
99,GPIOR_116_CTRL15,PL[5],Output,3B_3C,3.3 V,3.3 V LVTTL / LVCMOS,,User IO/GCTRL
100,GPIOR_113_CDI22,PL[4],Output,3B_3C,3.3 V,3.3 V LVTTL / LVCMOS,,User IO
101,GPIOR_112_CDI23,PL[3],Output,3B_3C,3.3 V,3.3 V LVTTL / LVCMOS,,User IO
102,GPIOR_105_CDI24,PL[2],Output,3B_3C,3.3 V,3.3 V LVTTL / LVCMOS,,User IO
103,GPIOR_104_CDI25,PL[1],Output,3B_3C,3.3 V,3.3 V LVTTL / LVCMOS,,User IO
104,GND,,Power,,,,,Ground
105,GPIOR_95_CDI26,PL[0],Output,3B_3C,3.3 V,3.3 V LVTTL / LVCMOS,,User IO
106,GPIOR_94_CDI27,PK[7],Output,3B_3C,3.3 V,3.3 V LVTTL / LVCMOS,,User IO
107,VCCA_TR,,Power,TR,,,,1.2 V PLL Power
108,GND,,Power,,,,,Ground
109,GPIOR_88_CDI28,PK[6],Output,3A,3.3 V,3.3 V LVTTL / LVCMOS,,User IO
110,GPIOR_87_CDI29,PK[5],Output,3A,3.3 V,3.3 V LVTTL / LVCMOS,,User IO
111,GPIOR_85,PK[4],Output,3A,3.3 V,3.3 V LVTTL / LVCMOS,,User IO
112,GPIOR_86,PK[3],Output,3A,3.3 V,3.3 V LVTTL / LVCMOS,,User IO
113,GPIOR_84,PK[2],Output,3A,3.3 V,3.3 V LVTTL / LVCMOS,,User IO
114,GPIOR_83,PK[1],Output,3A,3.3 V,3.3 V LVTTL / LVCMOS,,User IO
115,GPIOR_82,PK[0],Output,3A,3.3 V,3.3 V LVTTL / LVCMOS,,User IO
116,GPIOR_81_MREFCLK,PJ[6],Output,3A,3.3 V,3.3 V LVTTL / LVCMOS,,User IO
117,GPIOR_80,PJ[5],Output,3A,3.3 V,3.3 V LVTTL / LVCMOS,,User IO
118,GPIOR_79_EXTFB1_CDI30,PJ[4],Output,3A,3.3 V,3.3 V LVTTL / LVCMOS,,User IO
119,GPIOR_78_EXTFB0_CDI31,PJ[3],Output,3A,3.3 V,3.3 V LVTTL / LVCMOS,,User IO
120,GND,,Power,,,,,Ground
121,GND,,Power,,,,,Ground
122,VCCIO3A,,Power,3A,3.3 V,,,VCCIO Power
123,GPIOR_77_PLLIN1,PJ[2],Output,3A,3.3 V,3.3 V LVTTL / LVCMOS,,User IO/PLL_CLKIN
124,GPIOR_76_PLLIN0,PJ[1],Output,3A,3.3 V,3.3 V LVTTL / LVCMOS,,User IO/PLL_CLKIN
125,VCC,,Power,,,,,1.2 V VCC Power
126,GND,,Power,,,,,Ground
127,GND,,Power,,,,,Ground
128,VCC,,Power,,,,,1.2 V VCC Power
129,GND,,Power,,,,,Ground
130,VCC,,Power,,,,,1.2 V VCC Power
131,GPIOL_75_PLLIN1,PJ[0],Output,1E,3.3 V,3.3 V LVTTL / LVCMOS,,User IO/PLL_CLKIN
132,GPIOL_74_PLLIN0,clk50,Input,1E,3.3 V,3.3 V LVTTL / LVCMOS,,User IO/PLL_CLKIN
133,GND,,Power,,,,,Ground
134,GPIOL_73_EXTFB1_CDI15,PH[6],Output,1E,3.3 V,3.3 V LVTTL / LVCMOS,,User IO
135,GPIOL_72_EXTFB0_CDI14,PH[5],Output,1E,3.3 V,3.3 V LVTTL / LVCMOS,,User IO
136,GPIOL_71_NSTATUS,,Input,1E,3.3 V,,weak pullup,User IO/Configuration
137,GPIOL_70_CBSEL0,PH[4],Output,1E,3.3 V,3.3 V LVTTL / LVCMOS,,User IO
138,GPIOL_69_CBSEL1,PH[3],Output,1E,3.3 V,3.3 V LVTTL / LVCMOS,,User IO
139,GPIOL_68,PH[2],Output,1E,3.3 V,3.3 V LVTTL / LVCMOS,,User IO
140,GPIOL_67_CDI13,PH[1],Output,1E,3.3 V,3.3 V LVTTL / LVCMOS,,User IO
141,GPIOL_65,PH[0],Output,1E,3.3 V,3.3 V LVTTL / LVCMOS,,User IO
142,GPIOL_66_CDI12,PG[7],Output,1E,3.3 V,3.3 V LVTTL / LVCMOS,,User IO
143,VCCIO1E,,Power,1E,3.3 V,,,VCCIO Power
144,GPIOL_64,PG[6],Output,1E,3.3 V,3.3 V LVTTL / LVCMOS,,User IO
