
# Efinity Interface Configuration
# Version: 2023.1.150.1.5
# Date: 2024-01-01 07:09

# Copyright (C) 2017 - 2023 Efinix Inc. All rights reserved.

# [required | optional] (input|output|clkout), x, y, z, __bypass__|[~|!]<clock>, [[~|!]<pin_name>] | __vcc__ | __gnd__
input, 0, 118, 1, __bypass__, clk14pll1
optional input, 16, 243, 1, __bypass__, clk50
input, 0, 119, 1, __bypass__, clk50pll1
input, 0, 120, 1, __bypass__, clk100pll1
output, 0, 24, 2, __bypass__, PA[0]
output, 2, 0, 0, __bypass__, PA[1]
output, 3, 0, 0, __bypass__, PA[2]
output, 14, 0, 0, __bypass__, PA[3]
output, 15, 0, 0, __bypass__, PA[4]
output, 26, 0, 0, __bypass__, PA[5]
output, 27, 0, 0, __bypass__, PA[6]
output, 38, 0, 0, __bypass__, PA[7]
output, 39, 0, 0, __bypass__, PB[0]
output, 56, 0, 0, __bypass__, PB[1]
output, 57, 0, 0, __bypass__, PB[2]
output, 68, 0, 0, __bypass__, PB[3]
output, 69, 0, 0, __bypass__, PB[4]
output, 80, 0, 0, __bypass__, PB[5]
output, 81, 0, 0, __bypass__, PB[6]
output, 90, 0, 0, __bypass__, PB[7]
output, 91, 0, 0, __bypass__, PC[0]
output, 96, 0, 0, __bypass__, PC[1]
output, 95, 0, 0, __bypass__, PC[2]
output, 116, 0, 0, __bypass__, PC[3]
output, 115, 0, 0, __bypass__, PC[4]
output, 130, 0, 0, __bypass__, PC[5]
output, 131, 0, 0, __bypass__, PC[6]
output, 141, 0, 0, __bypass__, PC[7]
output, 140, 0, 0, __bypass__, PD[0]
output, 148, 0, 0, __bypass__, PD[1]
output, 147, 0, 2, __bypass__, PD[2]
output, 160, 9, 2, __bypass__, PD[3]
output, 160, 14, 2, __bypass__, PD[4]
output, 160, 17, 0, __bypass__, PD[5]
output, 160, 64, 2, __bypass__, PD[6]
output, 160, 67, 0, __bypass__, PD[7]
output, 160, 72, 0, __bypass__, PE[0]
output, 160, 74, 2, __bypass__, PE[1]
output, 160, 79, 2, __bypass__, PE[2]
output, 160, 82, 0, __bypass__, PE[3]
output, 160, 89, 2, __bypass__, PE[4]
output, 160, 92, 0, __bypass__, PE[5]
output, 160, 99, 2, __bypass__, PE[6]
output, 160, 104, 2, __bypass__, PE[7]
output, 0, 64, 2, __bypass__, PF[0]
output, 0, 67, 0, __bypass__, PF[1]
output, 0, 84, 2, __bypass__, PF[2]
output, 0, 87, 0, __bypass__, PF[3]
output, 0, 89, 2, __bypass__, PF[4]
output, 0, 94, 2, __bypass__, PF[5]
output, 0, 97, 0, __bypass__, PF[6]
output, 0, 132, 0, __bypass__, PF[7]
output, 0, 137, 0, __bypass__, PG[0]
output, 0, 167, 0, __bypass__, PG[1]
output, 0, 169, 2, __bypass__, PG[2]
output, 0, 182, 0, __bypass__, PG[3]
output, 0, 202, 0, __bypass__, PG[4]
output, 0, 199, 2, __bypass__, PG[5]
output, 0, 227, 0, __bypass__, PG[6]
output, 0, 232, 0, __bypass__, PG[7]
output, 0, 229, 2, __bypass__, PH[0]
output, 0, 234, 2, __bypass__, PH[1]
output, 0, 237, 0, __bypass__, PH[2]
output, 0, 239, 2, __bypass__, PH[3]
output, 6, 243, 0, __bypass__, PH[4]
output, 11, 243, 0, __bypass__, PH[5]
output, 13, 243, 2, __bypass__, PH[6]
output, 18, 243, 2, __bypass__, PJ[0]
output, 143, 243, 0, __bypass__, PJ[1]
output, 145, 243, 2, __bypass__, PJ[2]
output, 148, 243, 0, __bypass__, PJ[3]
output, 150, 243, 2, __bypass__, PJ[4]
output, 153, 243, 0, __bypass__, PJ[5]
output, 155, 243, 2, __bypass__, PJ[6]
output, 160, 239, 2, __bypass__, PK[0]
output, 160, 237, 0, __bypass__, PK[1]
output, 160, 234, 2, __bypass__, PK[2]
output, 160, 229, 2, __bypass__, PK[3]
output, 160, 232, 0, __bypass__, PK[4]
output, 160, 227, 0, __bypass__, PK[5]
output, 160, 224, 2, __bypass__, PK[6]
output, 160, 209, 2, __bypass__, PK[7]
output, 160, 207, 0, __bypass__, PL[0]
output, 160, 184, 2, __bypass__, PL[1]
output, 160, 182, 0, __bypass__, PL[2]
output, 160, 159, 2, __bypass__, PL[3]
output, 160, 157, 0, __bypass__, PL[4]
output, 160, 144, 2, __bypass__, PL[5]
output, 160, 142, 0, __bypass__, PL[6]
output, 160, 107, 0, __bypass__, PL[7]
input, 2, 243, 1, __bypass__, pll1Locked
output, 160, 27, 0, __bypass__, usrLed
input, 160, 24, 3, __bypass__, usrSw
